DROP DATABASE IF EXISTS insurance;
CREATE DATABASE insurance;
USE insurance;
#
#Create the customer table
#
CREATE TABLE CUSTOMER(CUSTCODE INT(4) NOT NULL AUTO_INCREMENT, AFM INT(9) UNIQUE, CNAME VARCHAR(20), CSURNAME VARCHAR(20), 
	ADDRESS VARCHAR(30), CITY VARCHAR(10), TK INT(5), PHONE VARCHAR(15), DOY VARCHAR(20), 
	PRIMARY KEY(CUSTCODE));
#Start counting from 1001
ALTER TABLE customer AUTO_INCREMENT = 1001;
#
#Create the category table
#
CREATE TABLE CATEGORY(CATCODE INT(2) NOT NULL, CATNAME VARCHAR(20),
	PRIMARY KEY (CATCODE));
#
#Create the product table
CREATE TABLE PRODUCT(PRODCODE INT(3) NOT NULL, PNAME VARCHAR(20), ANNCOST INT(5), MINTIME VARCHAR(15), 
	BENEFITS VARCHAR(15), CATCODE INT(2) NOT NULL,
	PRIMARY KEY(PRODCODE),
	FOREIGN KEY(CATCODE) REFERENCES CATEGORY(CATCODE));
#
#Create the contract table
#
CREATE TABLE CONTRACT(CONCODE INT(5) NOT NULL AUTO_INCREMENT, CUSTCODE INT(4) NOT NULL, PRODCODE INT(3) NOT NULL, 
	STARTDATE DATE, ENDDATE DATE, COST INT(6),
	PRIMARY KEY (CONCODE), 
	FOREIGN KEY(CUSTCODE) REFERENCES CUSTOMER(CUSTCODE),
	FOREIGN KEY(PRODCODE) REFERENCES PRODUCT(PRODCODE));
#Start counting from 10001
ALTER TABLE contract AUTO_INCREMENT = 10001;
#
#Insert data into customer table
#
INSERT INTO CUSTOMER(AFM, CNAME, CSURNAME, ADDRESS, CITY, TK, PHONE, DOY)
	VALUES(100028428, 'Chiquita', 'Cline', 'Nestoros 13', 'MAROUSI', 14121, '6945550000', 'AMAROUSIOU');
INSERT INTO CUSTOMER(AFM, CNAME, CSURNAME, ADDRESS, CITY, TK, PHONE, DOY)
	VALUES(100785388, 'Victoria', 'Hobbs', 'Chrisostomou Smirnis 95', 'AIGALEO', 11855, '6047367951', 'AIGALEO');
INSERT INTO CUSTOMER(AFM, CNAME, CSURNAME, ADDRESS, CITY, TK, PHONE, DOY)
	VALUES(100087609, 'Armando', 'Johnson', 'Lamprou Katsoni 34', 'ALIMOS', 13671, '6738630856', 'GLYFADAS');
INSERT INTO CUSTOMER(AFM, CNAME, CSURNAME, ADDRESS, CITY, TK, PHONE, DOY)
	VALUES(101654032, 'Dolores', 'Askew', 'Salaminos 44', 'ILIOUPOLI', 17236, '6689665868', 'ILIOUPOLIS');
INSERT INTO CUSTOMER(AFM, CNAME, CSURNAME, ADDRESS, CITY, TK, PHONE, DOY)
	VALUES(100574954, 'Rebekah', 'Broussard', 'Kapodistriou 20', 'VOULA', 16673, '6213508686', 'GLYFADAS');
INSERT INTO CUSTOMER(AFM, CNAME, CSURNAME, ADDRESS, CITY, TK, PHONE, DOY)
	VALUES(110058098, 'Imogene', 'Slack', 'Chomateri 13', 'NIKAIA', 18122, '6457764664', 'NIKAIAS');
INSERT INTO CUSTOMER(AFM, CNAME, CSURNAME, ADDRESS, CITY, TK, PHONE, DOY)
	VALUES(101750611, 'Henry', 'Smith', 'Kritika 31', 'GALATSI', 14232, '6002598899', 'IG’ ATHINON');
#
#
#
INSERT INTO CATEGORY
	VALUES(10, 'Life Insurance');
INSERT INTO CATEGORY
	VALUES(20, 'Vehicle Insurance');
INSERT INTO CATEGORY
	VALUES(30, 'Health Insurance');
INSERT INTO CATEGORY
	VALUES(40, 'Property Insurance');
#
#
#
INSERT INTO PRODUCT
	VALUES(101, 'Term Plan', 300, '30 years', '15000 lump sum', 10);
INSERT INTO PRODUCT
	VALUES(102, 'Whole Life', 1000, '10 years', '50000 lump sum', 10);
INSERT INTO PRODUCT
	VALUES(103, 'Retirement Plan', 500, '20 years', '1200/year', 10);
INSERT INTO PRODUCT
	VALUES(201, 'Comprehensive', 600, '3 months', 'cover expenses', 20);
INSERT INTO PRODUCT
	VALUES(202, 'Third-Party', 300, '3 months', 'cover expenses', 20);
INSERT INTO PRODUCT
	VALUES(301, 'Individual', 800, '1 year', '150/month', 30);
INSERT INTO PRODUCT
	VALUES(302, 'Family', 1500, '1 year', 'cover expenses', 30);
INSERT INTO PRODUCT
	VALUES(303, 'Critical Illness', 250, '1 year', 'cover expenses', 30);
INSERT INTO PRODUCT
	VALUES(401, 'Natural Causes', 200, '1 year', 'cover expenses', 40);
INSERT INTO PRODUCT
	VALUES(402, 'Burglaries', 1000, '1 year', 'cover expenses', 40);
#
#
#
INSERT INTO CONTRACT(CUSTCODE, PRODCODE, STARTDATE, ENDDATE, COST)
	VALUES(1001, 101, '2018/02/23', '2048/02/23', 9000);
INSERT INTO CONTRACT(CUSTCODE, PRODCODE, STARTDATE, ENDDATE, COST)
	VALUES(1002, 202, '2019/05/01', '2021/05/01', 600);
INSERT INTO CONTRACT(CUSTCODE, PRODCODE, STARTDATE, ENDDATE, COST)
	VALUES(1001, 201, '2019/09/05', '2029/09/05', 1800);
INSERT INTO CONTRACT(CUSTCODE, PRODCODE, STARTDATE, ENDDATE, COST)
	VALUES(1003, 402, '2020/02/01', '2022/02/01', 2000);
INSERT INTO CONTRACT(CUSTCODE, PRODCODE, STARTDATE, ENDDATE, COST)
	VALUES(1003, 401, '2020/03/08', '2022/03/08', 400);
INSERT INTO CONTRACT(CUSTCODE, PRODCODE, STARTDATE, ENDDATE, COST)
	VALUES(1004, 103, '2020/03/14', '2040/03/14', 10000);
INSERT INTO CONTRACT(CUSTCODE, PRODCODE, STARTDATE, ENDDATE, COST)
	VALUES(1005, 303, '2020/05/03', '2025/05/03', 1250);
INSERT INTO CONTRACT(CUSTCODE, PRODCODE, STARTDATE, ENDDATE, COST)
	VALUES(1006, 301, '2020/05/16', '2021/05/16', 800);
INSERT INTO CONTRACT(CUSTCODE, PRODCODE, STARTDATE, ENDDATE, COST)
	VALUES(1004, 301, '2020/08/12', '2023/08/12', 2400);
INSERT INTO CONTRACT(CUSTCODE, PRODCODE, STARTDATE, ENDDATE, COST)
	VALUES(1007, 202, '2020/08/23', '2021/02/23', 150);
INSERT INTO CONTRACT(CUSTCODE, PRODCODE, STARTDATE, ENDDATE, COST)
	VALUES(1005, 302, '2020/09/18', '2025/09/18', 7500);
INSERT INTO CONTRACT(CUSTCODE, PRODCODE, STARTDATE, ENDDATE, COST)
	VALUES(1006, 201, '2020/09/23', '2022/09/23', 1200);
INSERT INTO CONTRACT(CUSTCODE, PRODCODE, STARTDATE, ENDDATE, COST)
	VALUES(1005, 201, '2021/09/25', '2022/09/25', 600);
INSERT INTO CONTRACT(CUSTCODE, PRODCODE, STARTDATE, ENDDATE, COST)
	VALUES(1007, 102, '2021/12/22', '2031/12/22', 10000);
#
#
#
#Select all the elements of the tables
SELECT * FROM customer;
SELECT * FROM CATEGORY;
SELECT * FROM PRODUCT;
SELECT * FROM CONTRACT;
